Id,firstName,lastName,salary,managerId
100,CEO,Boss,157120,
101,Emp101,Test,100177,100
102,Emp102,Test,42877,100
103,Emp103,Test,119417,100
104,Emp104,Test,71223,100
105,Emp105,Test,87387,100
106,Emp106,Test,53508,104
107,Emp107,Test,84319,104
108,Emp108,Test,103023,107
109,Emp109,Test,50437,107
110,Emp110,Test,103640,100
111,Emp111,Test,38385,108
112,Emp112,Test,102330,108
113,Emp113,Test,85013,104
114,Emp114,Test,86961,100
115,Emp115,Test,81043,108
116,Emp116,Test,86978,113
117,Emp117,Test,62903,113
118,Emp118,Test,54772,116
119,Emp119,Test,69942,113
120,Emp120,Test,43702,104
121,Emp121,Test,114288,108
122,Emp122,Test,51393,100
123,Emp123,Test,33662,114
124,Emp124,Test,104335,113
125,Emp125,Test,92436,107
126,Emp126,Test,91189,125
127,Emp127,Test,39979,100
128,Emp128,Test,88695,125
129,Emp129,Test,58559,107
130,Emp130,Test,118213,113
131,Emp131,Test,56781,107
132,Emp132,Test,103587,104
133,Emp133,Test,61760,116
134,Emp134,Test,41621,108
135,Emp135,Test,73759,107
136,Emp136,Test,58049,120
137,Emp137,Test,74954,134
138,Emp138,Test,107544,107
139,Emp139,Test,114140,133
140,Emp140,Test,54367,104
141,Emp141,Test,112253,120
142,Emp142,Test,113461,134
143,Emp143,Test,58474,104
144,Emp144,Test,35823,133
145,Emp145,Test,35922,143
146,Emp146,Test,35965,144
147,Emp147,Test,98204,126
148,Emp148,Test,58846,113
149,Emp149,Test,113423,107
150,Emp150,Test,45220,145
151,Emp151,Test,54006,143
152,Emp152,Test,35189,113
153,Emp153,Test,105721,139
154,Emp154,Test,68704,142
155,Emp155,Test,31594,107
156,Emp156,Test,56362,133
157,Emp157,Test,50926,152
158,Emp158,Test,72957,145
159,Emp159,Test,89236,108
160,Emp160,Test,39077,132
161,Emp161,Test,59504,137
162,Emp162,Test,51262,145
163,Emp163,Test,63062,100
164,Emp164,Test,72038,143
165,Emp165,Test,112819,154
166,Emp166,Test,53678,133
167,Emp167,Test,89791,144
168,Emp168,Test,106284,160
169,Emp169,Test,82839,100
170,Emp170,Test,97060,160
171,Emp171,Test,96285,161
172,Emp172,Test,85871,138
173,Emp173,Test,64849,145
174,Emp174,Test,46237,104
175,Emp175,Test,69651,144
176,Emp176,Test,40873,161
177,Emp177,Test,98387,134
178,Emp178,Test,61111,100
179,Emp179,Test,32824,104
180,Emp180,Test,56114,114
181,Emp181,Test,100380,152
182,Emp182,Test,59087,142
183,Emp183,Test,72283,161
184,Emp184,Test,96502,142
185,Emp185,Test,55537,152
186,Emp186,Test,74137,165
187,Emp187,Test,79157,100
188,Emp188,Test,69825,134
189,Emp189,Test,103234,116
190,Emp190,Test,61789,145
191,Emp191,Test,52525,142
192,Emp192,Test,89974,116
193,Emp193,Test,66366,143
194,Emp194,Test,69277,120
195,Emp195,Test,72078,182
196,Emp196,Test,110957,114
197,Emp197,Test,43033,125
198,Emp198,Test,83979,182
199,Emp199,Test,65820,107
200,Emp200,Test,103256,146
201,Emp201,Test,30985,134
202,Emp202,Test,76396,137
203,Emp203,Test,72932,187
204,Emp204,Test,118049,120
205,Emp205,Test,74206,113
206,Emp206,Test,89522,168
207,Emp207,Test,118997,134
208,Emp208,Test,37106,146
209,Emp209,Test,54252,125
210,Emp210,Test,53265,189
211,Emp211,Test,79493,143
212,Emp212,Test,115595,126
213,Emp213,Test,67382,142
214,Emp214,Test,88057,161
215,Emp215,Test,45511,197
216,Emp216,Test,119281,134
217,Emp217,Test,95301,195
218,Emp218,Test,58302,165
219,Emp219,Test,64586,165
220,Emp220,Test,116793,120
221,Emp221,Test,34336,164
222,Emp222,Test,86188,189
223,Emp223,Test,46568,160
224,Emp224,Test,39758,114
225,Emp225,Test,51649,138
226,Emp226,Test,64318,220
227,Emp227,Test,67780,138
228,Emp228,Test,119135,148
229,Emp229,Test,79145,104
230,Emp230,Test,50334,195
231,Emp231,Test,92925,107
232,Emp232,Test,112567,215
233,Emp233,Test,70003,217
234,Emp234,Test,87633,125
235,Emp235,Test,35417,165
236,Emp236,Test,73614,108
237,Emp237,Test,99115,217
238,Emp238,Test,111295,107
239,Emp239,Test,72833,154
240,Emp240,Test,41155,160
241,Emp241,Test,110692,100
242,Emp242,Test,46549,152
243,Emp243,Test,74356,137
244,Emp244,Test,92512,126
245,Emp245,Test,49110,215
246,Emp246,Test,43819,205
247,Emp247,Test,71164,154
248,Emp248,Test,92413,154
249,Emp249,Test,73088,107
250,Emp250,Test,95293,195
251,Emp251,Test,49580,219
252,Emp252,Test,103427,244
253,Emp253,Test,72514,220
254,Emp254,Test,49607,196
255,Emp255,Test,61415,199
256,Emp256,Test,39010,239
257,Emp257,Test,93308,247
258,Emp258,Test,108333,235
259,Emp259,Test,78926,198
260,Emp260,Test,108898,176
261,Emp261,Test,31460,137
262,Emp262,Test,86449,104
263,Emp263,Test,48116,256
264,Emp264,Test,75669,199
265,Emp265,Test,74933,116
266,Emp266,Test,75427,160
267,Emp267,Test,68983,113
268,Emp268,Test,55667,246
269,Emp269,Test,108393,198
270,Emp270,Test,63820,116
271,Emp271,Test,105275,208
272,Emp272,Test,70395,164
273,Emp273,Test,51130,208
274,Emp274,Test,98129,152
275,Emp275,Test,59843,247
276,Emp276,Test,66738,244
277,Emp277,Test,101826,215
278,Emp278,Test,39513,162
279,Emp279,Test,68814,246
280,Emp280,Test,54388,215
281,Emp281,Test,69311,107
282,Emp282,Test,57856,236
283,Emp283,Test,76534,282
284,Emp284,Test,116113,244
285,Emp285,Test,39226,132
286,Emp286,Test,119904,168
287,Emp287,Test,60557,251
288,Emp288,Test,95779,286
289,Emp289,Test,116516,272
290,Emp290,Test,92387,168
291,Emp291,Test,33864,250
292,Emp292,Test,91445,283
293,Emp293,Test,104796,172
294,Emp294,Test,117373,217
295,Emp295,Test,69940,244
296,Emp296,Test,30238,199
297,Emp297,Test,111146,256
298,Emp298,Test,99505,233
299,Emp299,Test,33603,256
300,Emp300,Test,36283,168
301,Emp301,Test,98908,203
302,Emp302,Test,52188,297
303,Emp303,Test,85509,164
304,Emp304,Test,55203,280
305,Emp305,Test,93520,107
306,Emp306,Test,88244,182
307,Emp307,Test,32281,148
308,Emp308,Test,59464,223
309,Emp309,Test,42565,164
310,Emp310,Test,37128,199
311,Emp311,Test,52953,133
312,Emp312,Test,79143,303
313,Emp313,Test,66303,100
314,Emp314,Test,47986,143
315,Emp315,Test,113878,283
316,Emp316,Test,57321,267
317,Emp317,Test,68393,143
318,Emp318,Test,33811,272
319,Emp319,Test,110930,265
320,Emp320,Test,75748,126
321,Emp321,Test,111832,133
322,Emp322,Test,60512,279
323,Emp323,Test,71776,267
324,Emp324,Test,74541,176
325,Emp325,Test,57481,134
326,Emp326,Test,97169,161
327,Emp327,Test,63650,176
328,Emp328,Test,107062,247
329,Emp329,Test,118893,233
330,Emp330,Test,108568,251
331,Emp331,Test,49272,312
332,Emp332,Test,81111,126
333,Emp333,Test,40935,329
334,Emp334,Test,99240,181
335,Emp335,Test,109001,187
336,Emp336,Test,42688,233
337,Emp337,Test,76778,276
338,Emp338,Test,68027,125
339,Emp339,Test,49273,100
340,Emp340,Test,48678,290
341,Emp341,Test,50023,189
342,Emp342,Test,41525,303
343,Emp343,Test,101736,296
344,Emp344,Test,48513,143
345,Emp345,Test,106378,276
346,Emp346,Test,85362,325
347,Emp347,Test,54026,138
348,Emp348,Test,84749,250
349,Emp349,Test,64646,314
350,Emp350,Test,39979,283
351,Emp351,Test,114218,138
352,Emp352,Test,49571,217
353,Emp353,Test,53842,311
354,Emp354,Test,49074,312
355,Emp355,Test,72113,214
356,Emp356,Test,109502,307
357,Emp357,Test,108751,322
358,Emp358,Test,101298,251
359,Emp359,Test,66254,296
360,Emp360,Test,81090,311
361,Emp361,Test,43454,231
362,Emp362,Test,67591,253
363,Emp363,Test,43175,133
364,Emp364,Test,111774,189
365,Emp365,Test,99449,114
366,Emp366,Test,117424,162
367,Emp367,Test,114965,256
368,Emp368,Test,50176,107
369,Emp369,Test,77186,332
370,Emp370,Test,110991,139
371,Emp371,Test,41252,273
372,Emp372,Test,47471,146
373,Emp373,Test,46906,347
374,Emp374,Test,74948,235
375,Emp375,Test,53619,182
376,Emp376,Test,118207,267
377,Emp377,Test,30873,134
378,Emp378,Test,55945,215
379,Emp379,Test,83397,332
380,Emp380,Test,112546,316
381,Emp381,Test,45994,341
382,Emp382,Test,96155,338
383,Emp383,Test,75833,160
384,Emp384,Test,106283,134
385,Emp385,Test,76139,344
386,Emp386,Test,63572,280
387,Emp387,Test,89253,143
388,Emp388,Test,55741,199
389,Emp389,Test,100626,374
390,Emp390,Test,73947,182
391,Emp391,Test,109956,365
392,Emp392,Test,73403,134
393,Emp393,Test,108444,291
394,Emp394,Test,74449,134
395,Emp395,Test,70858,100
396,Emp396,Test,118948,187
397,Emp397,Test,113806,351
398,Emp398,Test,32873,375
399,Emp399,Test,55828,189
400,Emp400,Test,70950,160
401,Emp401,Test,84192,365
402,Emp402,Test,48039,143
403,Emp403,Test,33377,253
404,Emp404,Test,43901,244
405,Emp405,Test,49870,279
406,Emp406,Test,90473,287
407,Emp407,Test,62984,152
408,Emp408,Test,94302,144
409,Emp409,Test,72277,108
410,Emp410,Test,90630,165
411,Emp411,Test,108654,154
412,Emp412,Test,109211,134
413,Emp413,Test,118424,198
414,Emp414,Test,77701,393
415,Emp415,Test,98758,195
416,Emp416,Test,73180,146
417,Emp417,Test,73062,344
418,Emp418,Test,43548,233
419,Emp419,Test,91264,385
420,Emp420,Test,77220,347
421,Emp421,Test,92756,296
422,Emp422,Test,111432,104
423,Emp423,Test,114370,205
424,Emp424,Test,38655,137
425,Emp425,Test,92857,223
426,Emp426,Test,83923,341
427,Emp427,Test,89463,107
428,Emp428,Test,109382,389
429,Emp429,Test,50812,246
430,Emp430,Test,89843,133
431,Emp431,Test,47219,383
432,Emp432,Test,109980,133
433,Emp433,Test,84992,427
434,Emp434,Test,119088,374
435,Emp435,Test,46565,331
436,Emp436,Test,66959,311
437,Emp437,Test,82572,417
438,Emp438,Test,69387,259
439,Emp439,Test,71297,236
440,Emp440,Test,40940,341
441,Emp441,Test,51308,341
442,Emp442,Test,88148,344
443,Emp443,Test,63199,343
444,Emp444,Test,88472,199
445,Emp445,Test,119738,260
446,Emp446,Test,109165,267
447,Emp447,Test,58224,329
448,Emp448,Test,88891,393
449,Emp449,Test,85782,347
450,Emp450,Test,64610,249
451,Emp451,Test,36076,331
452,Emp452,Test,53427,219
453,Emp453,Test,113399,166
454,Emp454,Test,98829,108
455,Emp455,Test,48337,113
456,Emp456,Test,101482,425
457,Emp457,Test,91442,164
458,Emp458,Test,99001,287
459,Emp459,Test,34774,231
460,Emp460,Test,104143,438
461,Emp461,Test,87965,249
462,Emp462,Test,64351,132
463,Emp463,Test,48819,348
464,Emp464,Test,71607,438
465,Emp465,Test,52198,383
466,Emp466,Test,115488,353
467,Emp467,Test,106278,272
468,Emp468,Test,97224,125
469,Emp469,Test,111673,350
470,Emp470,Test,71921,181
471,Emp471,Test,108201,362
472,Emp472,Test,78668,441
473,Emp473,Test,72137,416
474,Emp474,Test,34257,182
475,Emp475,Test,54634,397
476,Emp476,Test,48807,148
477,Emp477,Test,99760,329
478,Emp478,Test,58567,236
479,Emp479,Test,92973,307
480,Emp480,Test,119463,402
481,Emp481,Test,31213,208
482,Emp482,Test,74374,253
483,Emp483,Test,95626,100
484,Emp484,Test,33394,472
485,Emp485,Test,87017,328
486,Emp486,Test,48949,469
487,Emp487,Test,104093,311
488,Emp488,Test,112122,144
489,Emp489,Test,110549,319
490,Emp490,Test,58931,453
491,Emp491,Test,76420,181
492,Emp492,Test,51138,411
493,Emp493,Test,70990,418
494,Emp494,Test,119086,353
495,Emp495,Test,112388,400
496,Emp496,Test,77720,217
497,Emp497,Test,30720,205
498,Emp498,Test,74881,348
499,Emp499,Test,33726,479
500,Emp500,Test,101196,441
501,Emp501,Test,85329,208
502,Emp502,Test,53516,307
503,Emp503,Test,45063,198
504,Emp504,Test,110443,307
505,Emp505,Test,37193,385
506,Emp506,Test,116856,382
507,Emp507,Test,53027,280
508,Emp508,Test,102733,480
509,Emp509,Test,93244,287
510,Emp510,Test,106013,445
511,Emp511,Test,78092,461
512,Emp512,Test,110435,492
513,Emp513,Test,64846,203
514,Emp514,Test,90969,331
515,Emp515,Test,89987,276
516,Emp516,Test,116741,486
517,Emp517,Test,39612,107
518,Emp518,Test,78796,219
519,Emp519,Test,35185,426
520,Emp520,Test,64655,415
521,Emp521,Test,47420,311
522,Emp522,Test,64715,348
523,Emp523,Test,70153,222
524,Emp524,Test,77111,104
525,Emp525,Test,44275,523
526,Emp526,Test,102811,374
527,Emp527,Test,43634,399
528,Emp528,Test,113077,133
529,Emp529,Test,83119,256
530,Emp530,Test,35745,262
531,Emp531,Test,104721,120
532,Emp532,Test,82377,251
533,Emp533,Test,32940,490
534,Emp534,Test,30709,455
535,Emp535,Test,46244,182
536,Emp536,Test,31302,181
537,Emp537,Test,63505,406
538,Emp538,Test,50765,280
539,Emp539,Test,89802,280
540,Emp540,Test,47194,469
541,Emp541,Test,74131,471
542,Emp542,Test,46501,324
543,Emp543,Test,92856,498
544,Emp544,Test,68239,319
545,Emp545,Test,42016,370
546,Emp546,Test,58458,537
547,Emp547,Test,65703,356
548,Emp548,Test,84255,196
549,Emp549,Test,45834,272
550,Emp550,Test,38315,506
551,Emp551,Test,71683,286
552,Emp552,Test,71940,352
553,Emp553,Test,40210,168
554,Emp554,Test,102136,341
555,Emp555,Test,78515,148
556,Emp556,Test,61742,328
557,Emp557,Test,101751,125
558,Emp558,Test,77831,490
559,Emp559,Test,89085,283
560,Emp560,Test,34082,286
561,Emp561,Test,86637,534
562,Emp562,Test,72680,253
563,Emp563,Test,116972,538
564,Emp564,Test,62237,262
565,Emp565,Test,95384,428
566,Emp566,Test,72962,559
567,Emp567,Test,48464,142
568,Emp568,Test,99127,255
569,Emp569,Test,32913,506
570,Emp570,Test,54117,152
571,Emp571,Test,97108,387
572,Emp572,Test,93337,239
573,Emp573,Test,102809,301
574,Emp574,Test,75051,406
575,Emp575,Test,72289,181
576,Emp576,Test,99053,181
577,Emp577,Test,55798,538
578,Emp578,Test,61607,316
579,Emp579,Test,112336,540
580,Emp580,Test,55362,259
581,Emp581,Test,61379,523
582,Emp582,Test,51386,567
583,Emp583,Test,115955,328
584,Emp584,Test,36221,317
585,Emp585,Test,111057,510
586,Emp586,Test,30643,438
587,Emp587,Test,102563,259
588,Emp588,Test,73760,205
589,Emp589,Test,60557,449
590,Emp590,Test,113982,444
591,Emp591,Test,30937,332
592,Emp592,Test,33367,332
593,Emp593,Test,51703,340
594,Emp594,Test,64217,235
595,Emp595,Test,78904,551
596,Emp596,Test,64000,108
597,Emp597,Test,69495,265
598,Emp598,Test,32735,239
599,Emp599,Test,89556,205
600,Emp600,Test,50543,205
601,Emp601,Test,62412,291
602,Emp602,Test,53710,255
603,Emp603,Test,83767,256
604,Emp604,Test,35899,571
605,Emp605,Test,115452,534
606,Emp606,Test,60224,604
607,Emp607,Test,107753,486
608,Emp608,Test,81810,421
609,Emp609,Test,117388,249
610,Emp610,Test,91798,539
611,Emp611,Test,44455,570
612,Emp612,Test,74453,606
613,Emp613,Test,99316,152
614,Emp614,Test,74989,358
615,Emp615,Test,78822,442
616,Emp616,Test,114903,267
617,Emp617,Test,60490,557
618,Emp618,Test,68508,385
619,Emp619,Test,113601,161
620,Emp620,Test,48419,197
621,Emp621,Test,119728,394
622,Emp622,Test,50396,423
623,Emp623,Test,68862,527
624,Emp624,Test,64360,548
625,Emp625,Test,57095,593
626,Emp626,Test,53846,495
627,Emp627,Test,73555,160
628,Emp628,Test,40133,421
629,Emp629,Test,33591,611
630,Emp630,Test,88238,537
631,Emp631,Test,116086,350
632,Emp632,Test,32377,588
633,Emp633,Test,67154,405
634,Emp634,Test,61372,161
635,Emp635,Test,30259,153
636,Emp636,Test,99925,164
637,Emp637,Test,47017,535
638,Emp638,Test,98137,341
639,Emp639,Test,73231,287
640,Emp640,Test,81597,439
641,Emp641,Test,57049,100
642,Emp642,Test,86207,316
643,Emp643,Test,113631,142
644,Emp644,Test,111637,203
645,Emp645,Test,32418,400
646,Emp646,Test,118337,142
647,Emp647,Test,97471,312
648,Emp648,Test,65410,454
649,Emp649,Test,95068,582
650,Emp650,Test,38126,168
651,Emp651,Test,101692,182
652,Emp652,Test,117050,291
653,Emp653,Test,119525,291
654,Emp654,Test,71437,510
655,Emp655,Test,88305,514
656,Emp656,Test,53980,411
657,Emp657,Test,81497,594
658,Emp658,Test,80325,439
659,Emp659,Test,56147,208
660,Emp660,Test,81876,473
661,Emp661,Test,113509,374
662,Emp662,Test,104549,199
663,Emp663,Test,102139,529
664,Emp664,Test,52853,656
665,Emp665,Test,116148,611
666,Emp666,Test,33710,551
667,Emp667,Test,34173,267
668,Emp668,Test,63136,663
669,Emp669,Test,32611,273
670,Emp670,Test,116247,244
671,Emp671,Test,66196,453
672,Emp672,Test,45962,612
673,Emp673,Test,86360,514
674,Emp674,Test,115104,671
675,Emp675,Test,43767,294
676,Emp676,Test,32450,442
677,Emp677,Test,89162,162
678,Emp678,Test,66508,603
679,Emp679,Test,86324,621
680,Emp680,Test,60206,507
681,Emp681,Test,88663,197
682,Emp682,Test,30178,528
683,Emp683,Test,104545,411
684,Emp684,Test,87398,598
685,Emp685,Test,80473,389
686,Emp686,Test,78943,648
687,Emp687,Test,56310,369
688,Emp688,Test,116903,353
689,Emp689,Test,31974,402
690,Emp690,Test,119649,435
691,Emp691,Test,102226,189
692,Emp692,Test,96804,317
693,Emp693,Test,34504,152
694,Emp694,Test,65142,168
695,Emp695,Test,33111,594
696,Emp696,Test,53430,439
697,Emp697,Test,104070,413
698,Emp698,Test,77458,394
699,Emp699,Test,89072,439
700,Emp700,Test,37959,444
701,Emp701,Test,62952,359
702,Emp702,Test,63345,351
703,Emp703,Test,73216,604
704,Emp704,Test,43762,518
705,Emp705,Test,50735,622
706,Emp706,Test,68185,325
707,Emp707,Test,115915,523
708,Emp708,Test,109871,405
709,Emp709,Test,63440,454
710,Emp710,Test,69846,348
711,Emp711,Test,81912,139
712,Emp712,Test,87781,537
713,Emp713,Test,47157,219
714,Emp714,Test,105446,279
715,Emp715,Test,70952,442
716,Emp716,Test,63996,672
717,Emp717,Test,48615,125
718,Emp718,Test,98777,448
719,Emp719,Test,54276,473
720,Emp720,Test,92780,280
721,Emp721,Test,105509,319
722,Emp722,Test,99431,125
723,Emp723,Test,109348,469
724,Emp724,Test,107014,453
725,Emp725,Test,37712,503
726,Emp726,Test,30785,239
727,Emp727,Test,89373,711
728,Emp728,Test,45897,654
729,Emp729,Test,52041,616
730,Emp730,Test,66330,139
731,Emp731,Test,88762,107
732,Emp732,Test,41361,566
733,Emp733,Test,86974,328
734,Emp734,Test,57774,606
735,Emp735,Test,109627,562
736,Emp736,Test,48405,393
737,Emp737,Test,114209,554
738,Emp738,Test,119291,449
739,Emp739,Test,105540,290
740,Emp740,Test,100408,566
741,Emp741,Test,79193,168
742,Emp742,Test,37114,628
743,Emp743,Test,79753,740
744,Emp744,Test,78744,462
745,Emp745,Test,99686,104
746,Emp746,Test,115763,324
747,Emp747,Test,31988,162
748,Emp748,Test,33709,589
749,Emp749,Test,100185,172
750,Emp750,Test,42100,528
751,Emp751,Test,47605,142
752,Emp752,Test,84467,176
753,Emp753,Test,112268,484
754,Emp754,Test,98498,659
755,Emp755,Test,45679,633
756,Emp756,Test,78941,399
757,Emp757,Test,51251,143
758,Emp758,Test,104251,369
759,Emp759,Test,83151,547
760,Emp760,Test,69839,231
761,Emp761,Test,87675,461
762,Emp762,Test,57219,554
763,Emp763,Test,109463,594
764,Emp764,Test,35113,670
765,Emp765,Test,102183,762
766,Emp766,Test,65576,329
767,Emp767,Test,82571,251
768,Emp768,Test,103640,138
769,Emp769,Test,90117,222
770,Emp770,Test,42403,182
771,Emp771,Test,49911,435
772,Emp772,Test,57430,568
773,Emp773,Test,85788,484
774,Emp774,Test,32152,161
775,Emp775,Test,113752,246
776,Emp776,Test,96983,526
777,Emp777,Test,66925,435
778,Emp778,Test,109355,362
779,Emp779,Test,35936,290
780,Emp780,Test,84775,359
781,Emp781,Test,96932,571
782,Emp782,Test,96449,126
783,Emp783,Test,37536,683
784,Emp784,Test,95362,362
785,Emp785,Test,41783,731
786,Emp786,Test,110758,199
787,Emp787,Test,109475,438
788,Emp788,Test,63237,317
789,Emp789,Test,41169,361
790,Emp790,Test,93593,743
791,Emp791,Test,91504,567
792,Emp792,Test,56681,653
793,Emp793,Test,68839,116
794,Emp794,Test,72215,660
795,Emp795,Test,72124,498
796,Emp796,Test,89544,383
797,Emp797,Test,34639,291
798,Emp798,Test,35343,576
799,Emp799,Test,118443,590
800,Emp800,Test,74693,454
801,Emp801,Test,105623,385
802,Emp802,Test,114213,388
803,Emp803,Test,106099,316
804,Emp804,Test,102157,343
805,Emp805,Test,38393,740
806,Emp806,Test,40828,279
807,Emp807,Test,42749,783
808,Emp808,Test,52851,764
809,Emp809,Test,36409,422
810,Emp810,Test,78066,624
811,Emp811,Test,31343,421
812,Emp812,Test,40340,450
813,Emp813,Test,108765,336
814,Emp814,Test,54816,808
815,Emp815,Test,51728,636
816,Emp816,Test,79372,279
817,Emp817,Test,67368,276
818,Emp818,Test,71901,145
819,Emp819,Test,117337,779
820,Emp820,Test,70350,455
821,Emp821,Test,94151,787
822,Emp822,Test,74448,769
823,Emp823,Test,30384,164
824,Emp824,Test,74491,461
825,Emp825,Test,71508,162
826,Emp826,Test,33152,732
827,Emp827,Test,111622,144
828,Emp828,Test,63790,290
829,Emp829,Test,61206,358
830,Emp830,Test,54197,567
831,Emp831,Test,63677,604
832,Emp832,Test,89796,523
833,Emp833,Test,82861,627
834,Emp834,Test,69343,768
835,Emp835,Test,39759,829
836,Emp836,Test,76892,654
837,Emp837,Test,42926,343
838,Emp838,Test,37226,603
839,Emp839,Test,114951,322
840,Emp840,Test,89145,693
841,Emp841,Test,74836,348
842,Emp842,Test,36559,104
843,Emp843,Test,63570,590
844,Emp844,Test,90209,820
845,Emp845,Test,102744,265
846,Emp846,Test,83881,455
847,Emp847,Test,108845,816
848,Emp848,Test,38768,535
849,Emp849,Test,103384,220
850,Emp850,Test,91125,626
851,Emp851,Test,65967,318
852,Emp852,Test,102921,743
853,Emp853,Test,108692,614
854,Emp854,Test,51444,350
855,Emp855,Test,40848,707
856,Emp856,Test,41517,691
857,Emp857,Test,40800,250
858,Emp858,Test,113539,189
859,Emp859,Test,75976,490
860,Emp860,Test,67513,421
861,Emp861,Test,75403,336
862,Emp862,Test,116124,586
863,Emp863,Test,40339,728
864,Emp864,Test,74490,835
865,Emp865,Test,78247,582
866,Emp866,Test,72065,314
867,Emp867,Test,87066,249
868,Emp868,Test,102575,318
869,Emp869,Test,106960,199
870,Emp870,Test,76762,538
871,Emp871,Test,35245,250
872,Emp872,Test,105455,594
873,Emp873,Test,69451,260
874,Emp874,Test,78657,303
875,Emp875,Test,42192,791
876,Emp876,Test,85127,819
877,Emp877,Test,52424,755
878,Emp878,Test,103999,145
879,Emp879,Test,100296,472
880,Emp880,Test,33860,702
881,Emp881,Test,112089,869
882,Emp882,Test,117013,421
883,Emp883,Test,116692,113
884,Emp884,Test,80496,473
885,Emp885,Test,82936,666
886,Emp886,Test,89232,503
887,Emp887,Test,34760,754
888,Emp888,Test,43391,820
889,Emp889,Test,82651,437
890,Emp890,Test,110702,683
891,Emp891,Test,47715,666
892,Emp892,Test,73750,571
893,Emp893,Test,42762,887
894,Emp894,Test,65542,562
895,Emp895,Test,116982,444
896,Emp896,Test,33109,325
897,Emp897,Test,44040,362
898,Emp898,Test,81690,769
899,Emp899,Test,31918,869
900,Emp900,Test,83762,197
901,Emp901,Test,42739,152
902,Emp902,Test,45600,341
903,Emp903,Test,82128,411
904,Emp904,Test,108107,889
905,Emp905,Test,72636,628
906,Emp906,Test,58267,518
907,Emp907,Test,34440,387
908,Emp908,Test,86925,820
909,Emp909,Test,106217,393
910,Emp910,Test,82618,319
911,Emp911,Test,71588,172
912,Emp912,Test,47324,399
913,Emp913,Test,58488,399
914,Emp914,Test,60964,683
915,Emp915,Test,54935,144
916,Emp916,Test,70708,849
917,Emp917,Test,84005,418
918,Emp918,Test,71524,537
919,Emp919,Test,65227,695
920,Emp920,Test,65293,166
921,Emp921,Test,83009,397
922,Emp922,Test,92859,442
923,Emp923,Test,57096,439
924,Emp924,Test,38684,693
925,Emp925,Test,116746,385
926,Emp926,Test,37872,423
927,Emp927,Test,86060,411
928,Emp928,Test,67530,359
929,Emp929,Test,86784,590
930,Emp930,Test,72984,856
931,Emp931,Test,106166,782
932,Emp932,Test,42811,470
933,Emp933,Test,49572,754
934,Emp934,Test,52720,344
935,Emp935,Test,31158,851
936,Emp936,Test,106810,592
937,Emp937,Test,100005,279
938,Emp938,Test,84701,668
939,Emp939,Test,113970,134
940,Emp940,Test,84752,939
941,Emp941,Test,45038,900
942,Emp942,Test,48178,436
943,Emp943,Test,74771,528
944,Emp944,Test,106595,719
945,Emp945,Test,79374,331
946,Emp946,Test,77915,343
947,Emp947,Test,79531,256
948,Emp948,Test,35410,654
949,Emp949,Test,47591,945
950,Emp950,Test,65902,206
951,Emp951,Test,72237,769
952,Emp952,Test,110036,291
953,Emp953,Test,106429,425
954,Emp954,Test,71147,869
955,Emp955,Test,73110,849
956,Emp956,Test,89574,375
957,Emp957,Test,75420,104
958,Emp958,Test,82689,763
959,Emp959,Test,38677,280
960,Emp960,Test,50685,370
961,Emp961,Test,81382,775
962,Emp962,Test,37744,483
963,Emp963,Test,106266,161
964,Emp964,Test,50622,894
965,Emp965,Test,109142,387
966,Emp966,Test,36090,461
967,Emp967,Test,73926,250
968,Emp968,Test,84658,162
969,Emp969,Test,83396,255
970,Emp970,Test,81854,916
971,Emp971,Test,75791,799
972,Emp972,Test,92260,249
973,Emp973,Test,105223,260
974,Emp974,Test,43148,870
975,Emp975,Test,106646,751
976,Emp976,Test,79225,615
977,Emp977,Test,48499,161
978,Emp978,Test,73432,506
979,Emp979,Test,46540,329
980,Emp980,Test,92815,406
981,Emp981,Test,109524,199
982,Emp982,Test,57927,524
983,Emp983,Test,118375,743
984,Emp984,Test,51496,690
985,Emp985,Test,61908,527
986,Emp986,Test,77460,353
987,Emp987,Test,42658,172
988,Emp988,Test,57542,259
989,Emp989,Test,73720,375
990,Emp990,Test,97793,162
991,Emp991,Test,71774,473
992,Emp992,Test,102938,172
993,Emp993,Test,99113,723
994,Emp994,Test,113954,774
995,Emp995,Test,33032,303
996,Emp996,Test,37279,528
997,Emp997,Test,74049,465
998,Emp998,Test,79680,597
999,Emp999,Test,81403,950
1000,Emp1000,Test,88230,808
1001,Emp1001,Test,55234,670
1002,Emp1002,Test,78610,665
1003,Emp1003,Test,75221,486
1004,Emp1004,Test,78458,383
1005,Emp1005,Test,116642,316
1006,Emp1006,Test,64500,729
1007,Emp1007,Test,50506,778
1008,Emp1008,Test,75261,729
1009,Emp1009,Test,69682,145
1010,Emp1010,Test,87892,486
1011,Emp1011,Test,104200,394
1012,Emp1012,Test,45310,1005
1013,Emp1013,Test,80635,934
1014,Emp1014,Test,43335,892
1015,Emp1015,Test,92568,576
1016,Emp1016,Test,57906,899
1017,Emp1017,Test,73021,772
1018,Emp1018,Test,78519,849
1019,Emp1019,Test,83402,369
1020,Emp1020,Test,44672,905
1021,Emp1021,Test,38703,165
1022,Emp1022,Test,79051,836
1023,Emp1023,Test,50083,829
1024,Emp1024,Test,112610,554
1025,Emp1025,Test,70988,439
1026,Emp1026,Test,67936,621
1027,Emp1027,Test,52862,507
1028,Emp1028,Test,68508,562
1029,Emp1029,Test,95624,468
1030,Emp1030,Test,76845,1000
1031,Emp1031,Test,45554,352
1032,Emp1032,Test,93874,331
1033,Emp1033,Test,44597,568
1034,Emp1034,Test,62911,317
1035,Emp1035,Test,69173,859
1036,Emp1036,Test,93025,197
1037,Emp1037,Test,93398,126
1038,Emp1038,Test,44155,732
1039,Emp1039,Test,51254,779
1040,Emp1040,Test,32985,832
1041,Emp1041,Test,114687,859
1042,Emp1042,Test,64526,594
1043,Emp1043,Test,50489,656
1044,Emp1044,Test,82080,943
1045,Emp1045,Test,30842,594
1046,Emp1046,Test,37070,301
1047,Emp1047,Test,48241,794
1048,Emp1048,Test,43161,283
1049,Emp1049,Test,55354,782
1050,Emp1050,Test,95363,145
1051,Emp1051,Test,63144,233
1052,Emp1052,Test,116439,139
1053,Emp1053,Test,80503,532
1054,Emp1054,Test,103537,670
1055,Emp1055,Test,58776,255
1056,Emp1056,Test,68471,859
1057,Emp1057,Test,56773,736
1058,Emp1058,Test,107970,930
1059,Emp1059,Test,108859,318
1060,Emp1060,Test,42984,722
1061,Emp1061,Test,71144,537
1062,Emp1062,Test,93396,1036
1063,Emp1063,Test,53682,853
1064,Emp1064,Test,58088,813
1065,Emp1065,Test,61385,154
1066,Emp1066,Test,107654,455
1067,Emp1067,Test,84213,143
1068,Emp1068,Test,73834,1038
1069,Emp1069,Test,69095,239
1070,Emp1070,Test,108957,166
1071,Emp1071,Test,70996,385
1072,Emp1072,Test,107516,661
1073,Emp1073,Test,82354,455
1074,Emp1074,Test,40460,948
1075,Emp1075,Test,54261,328
1076,Emp1076,Test,114063,615
1077,Emp1077,Test,104415,1039
1078,Emp1078,Test,33396,168
1079,Emp1079,Test,91855,788
1080,Emp1080,Test,101121,338
1081,Emp1081,Test,67045,1047
1082,Emp1082,Test,52907,187
1083,Emp1083,Test,87282,108
1084,Emp1084,Test,66548,900
1085,Emp1085,Test,119273,754
1086,Emp1086,Test,100212,137
1087,Emp1087,Test,47702,172
1088,Emp1088,Test,109728,836
1089,Emp1089,Test,36979,116
1090,Emp1090,Test,44838,153
1091,Emp1091,Test,104456,322
1092,Emp1092,Test,102175,1066
1093,Emp1093,Test,111352,1057
1094,Emp1094,Test,32075,987
1095,Emp1095,Test,33232,668
1096,Emp1096,Test,55465,658
1097,Emp1097,Test,41195,415
1098,Emp1098,Test,98033,795
1099,Emp1099,Test,80795,283
